# Foil Index, Solid Angle
0.000000000000000000e+00,1.176268838171783127e-02
1.000000000000000000e+00,1.174094856055499063e-02
