# Foil Index, Average Neutron Flux (a.u.), Uncertainty in Average Neutron Flux (a.u.), % Uncertainty
0.000000000000000000e+00,4.239741535826238804e+06,9.430770363105613505e+05,2.224373887751096035e+01
1.000000000000000000e+00,5.091145629796797782e+07,3.419370294766235165e+06,6.716308162064325238e+00
