# Foil Index, Average Neutron Flux (a.u.), Uncertainty in Average Neutron Flux (a.u.), % Uncertainty
0.000000000000000000e+00,3.012982516741614018e+04,6.193141893768512318e+02,2.055485506257127781e+00
1.000000000000000000e+00,3.493049419712440576e+05,6.509427888229050041e+03,1.863537301102635935e+00
