# Foil Index, Average Neutron Flux (a.u.), Uncertainty in Average Neutron Flux (a.u.), % Uncertainty
0.000000000000000000e+00,3.175157952661286981e+04,8.205812785727671580e+05,2.584379394054993554e+03
1.000000000000000000e+00,3.916663619615956559e+05,2.475606222492886707e+06,6.320701655598468278e+02
