# Foil Index, Average Neutron Flux (a.u.), Uncertainty in Average Neutron Flux (a.u.), % Uncertainty
0.000000000000000000e+00,3.175157952661286981e+04,6.287601666392555444e+02,1.980248466418039532e+00
1.000000000000000000e+00,3.916663619615956559e+05,7.038054754563885581e+03,1.796951548076521465e+00
