# Foil Index, Solid Angle
0.000000000000000000e+00,1.450925717504524329e-02
1.000000000000000000e+00,1.426955365557634227e-02
