# Foil Index, Solid Angle
0.000000000000000000e+00,1.094870172517271693e-02
1.000000000000000000e+00,8.795014297430769554e-03
