# Foil Index, Solid Angle
0.000000000000000000e+00,1.246678212724037713e-02
1.000000000000000000e+00,1.262844848519410756e-02
