# Foil Index, Solid Angle
0.000000000000000000e+00,9.925799157163879907e-03
1.000000000000000000e+00,1.007634427712390118e-02
